From,To,Value,TimeStamp,BlockHeight,TxHash,isError
0x1a2b3c4d5e6f,0xa1b2c3d4e5f6,1000000,1704067200,15000001,0xabc123def456,0
0x1a2b3c4d5e6f,0xa1b2c3d4e5f6,1500000,1704153600,15000050,0xdef456abc789,0
0x2b3c4d5e6f7a,0xa1b2c3d4e5f6,800000,1704240000,15000100,0x123abc456def,1
0x2b3c4d5e6f7a,0xb2c3d4e5f6a1,900000,1704326400,15000150,0x456def789abc,0
0x3c4d5e6f7a8b,0xb2c3d4e5f6a1,1200000,1704412800,15000200,0x789abc123def,0
0x3c4d5e6f7a8b,0xc3d4e5f6a1b2,700000,1704499200,15000250,0xabc789def123,0
0x1a2b3c4d5e6f,0xc3d4e5f6a1b2,2000000,1704585600,15000300,0xdef123abc456,0
0x4d5e6f7a8b9c,0xa1b2c3d4e5f6,1100000,1704672000,15000350,0x123def456abc,0
0x4d5e6f7a8b9c,0xb2c3d4e5f6a1,950000,1704758400,15000400,0x456abc789def,1
0x5e6f7a8b9c0d,0xc3d4e5f6a1b2,1300000,1704844800,15000450,0x789def123abc,0
0x5e6f7a8b9c0d,0xd4e5f6a1b2c3,850000,1704931200,15000500,0xabc456def789,0
0x1a2b3c4d5e6f,0xd4e5f6a1b2c3,1600000,1705017600,15000550,0xdef789abc123,0
0x6f7a8b9c0d1e,0xa1b2c3d4e5f6,920000,1705104000,15000600,0x123abc789def,0
0x6f7a8b9c0d1e,0xb2c3d4e5f6a1,1050000,1705190400,15000650,0x456def123abc,0
0x2b3c4d5e6f7a,0xc3d4e5f6a1b2,1400000,1705276800,15000700,0x789abc456def,1
0x7a8b9c0d1e2f,0xd4e5f6a1b2c3,880000,1705363200,15000750,0xabc123def456,0
0x7a8b9c0d1e2f,0xe5f6a1b2c3d4,1150000,1705449600,15000800,0xdef456abc789,0
0x3c4d5e6f7a8b,0xe5f6a1b2c3d4,990000,1705536000,15000850,0x123def789abc,0
0x8b9c0d1e2f3a,0xa1b2c3d4e5f6,1250000,1705622400,15000900,0x456abc123def,0
0x8b9c0d1e2f3a,0xb2c3d4e5f6a1,1080000,1705708800,15000950,0x789def456abc,1
0x1a2b3c4d5e6f,0xe5f6a1b2c3d4,1700000,1705795200,15001000,0xabc789123def,0
0x9c0d1e2f3a4b,0xc3d4e5f6a1b2,940000,1705881600,15001050,0xdef123456abc,0
0x9c0d1e2f3a4b,0xd4e5f6a1b2c3,1120000,1705968000,15001100,0x123abc456def,0
0x2b3c4d5e6f7a,0xe5f6a1b2c3d4,1350000,1706054400,15001150,0x456def789abc,0
0x0d1e2f3a4b5c,0xa1b2c3d4e5f6,870000,1706140800,15001200,0x789abc123def,0
0x0d1e2f3a4b5c,0xb2c3d4e5f6a1,1190000,1706227200,15001250,0xabc456789def,0
0x3c4d5e6f7a8b,0xf6a1b2c3d4e5,1060000,1706313600,15001300,0xdef789abc456,0
0x1e2f3a4b5c6d,0xf6a1b2c3d4e5,1280000,1706400000,15001350,0x123def456abc,0
0x1e2f3a4b5c6d,0xa1b2c3d4e5f6,950000,1706486400,15001400,0x456abc789def,1
0x4d5e6f7a8b9c,0xf6a1b2c3d4e5,1420000,1706572800,15001450,0x789def123abc,0
